"","number of events","number of patients","X1","X2","X3","X4"
"mean",208,300,23.9749246058518,76.0054709681151,0.176666666666667,0.763333333333333
"sd",NA,NA,0.97037909932933,2.05461549114948,NA,NA
